{
  "lastModified": "2025-12-16T20:33:39.041Z",
  "files": [
    {
      "shortPath": "l0/README.md",
      "versionRef": "912a8f44b08065d2ae7994816920840c5b05245e",
      "Length": 14,
      "update_at": "2025-11-14T20:45:33.000Z"
    },
    {
      "shortPath": "l2/agentLucas.defs.ts",
      "versionRef": "7b07ee37958cc30cac9263107405625bd8884f63",
      "Length": 84,
      "update_at": "2025-12-10T17:36:19.000Z"
    },
    {
      "shortPath": "l2/agentLucas.html",
      "versionRef": "9240e95e010f54275a984bd1e7de03d854058f7c",
      "Length": 371,
      "update_at": "2025-12-10T17:36:19.000Z"
    },
    {
      "shortPath": "l2/agentLucas.less",
      "versionRef": "d0eb778722e802ea0cf8ee1c2ca93383c169f103",
      "Length": 140,
      "update_at": "2025-12-10T17:36:20.000Z"
    },
    {
      "shortPath": "l2/agentLucas.test.ts",
      "versionRef": "bc77790a67da065191887afd4bbc174adf8fd30b",
      "Length": 252,
      "update_at": "2025-12-10T17:36:21.000Z"
    },
    {
      "shortPath": "l2/agentLucas.ts",
      "versionRef": "c67d0c52a6b00964f15506f2bc193e49a64c0d22",
      "Length": 7945,
      "update_at": "2025-12-10T17:36:22.000Z"
    },
    {
      "shortPath": "l2/agentNewMiniApp.defs.ts",
      "versionRef": "99b388dcbec8635288b1327f6f12745e0e34c2c6",
      "Length": 89,
      "update_at": "2025-12-05T17:22:37.000Z"
    },
    {
      "shortPath": "l2/agentNewMiniApp.html",
      "versionRef": "3c06b1680acf6565b58c4229320bc3fdde358e54",
      "Length": 7901,
      "update_at": "2025-12-16T20:28:33.000Z"
    },
    {
      "shortPath": "l2/agentNewMiniApp.less",
      "versionRef": "499e7d423be171db158e15c134c772fc72471b53",
      "Length": 152,
      "update_at": "2025-12-05T17:22:39.000Z"
    },
    {
      "shortPath": "l2/agentNewMiniApp.test.ts",
      "versionRef": "1d5501be338984c9ccc90844176916920eb4ab69",
      "Length": 257,
      "update_at": "2025-12-05T17:22:39.000Z"
    },
    {
      "shortPath": "l2/agentNewMiniApp.ts",
      "versionRef": "58c5d7d0c2a34e0cd40c9e5cf715c967af055526",
      "Length": 7902,
      "update_at": "2025-12-16T20:28:35.000Z"
    },
    {
      "shortPath": "l2/agentUpdateMiniApp.defs.ts",
      "versionRef": "79eb007dbc65c5df89ceb4d6ad21086e012174ea",
      "Length": 92,
      "update_at": "2025-12-05T17:22:41.000Z"
    },
    {
      "shortPath": "l2/agentUpdateMiniApp.html",
      "versionRef": "317a9d11ae6c2dd4d2d57f68b8e70906d3cddbb7",
      "Length": 14289,
      "update_at": "2025-12-16T20:28:36.000Z"
    },
    {
      "shortPath": "l2/agentUpdateMiniApp.less",
      "versionRef": "4be7477b3467d12c437c67d4e34c9c061e828a33",
      "Length": 158,
      "update_at": "2025-12-05T17:22:42.000Z"
    },
    {
      "shortPath": "l2/agentUpdateMiniApp.test.ts",
      "versionRef": "4d2136f6f85d060bdbf809a9613ba04ca4fc3bf8",
      "Length": 260,
      "update_at": "2025-12-05T17:22:43.000Z"
    },
    {
      "shortPath": "l2/agentUpdateMiniApp.ts",
      "versionRef": "9f39e02d71dced188f7de30e7a7e76ff94386d51",
      "Length": 16051,
      "update_at": "2025-12-16T20:28:37.000Z"
    },
    {
      "shortPath": "l2/collabRunTime.defs.ts",
      "versionRef": "3c92f2798fdc8d6df9a22d6a318f61a5a39164c2",
      "Length": 87,
      "update_at": "2025-12-10T20:52:39.000Z"
    },
    {
      "shortPath": "l2/collabRunTime.html",
      "versionRef": "040470e56b56abbf88da7d707b51cff9ddbbbe1d",
      "Length": 22,
      "update_at": "2025-12-10T20:52:39.000Z"
    },
    {
      "shortPath": "l2/collabRunTime.less",
      "versionRef": "aaf3c6d8b172adb2995416ed98f8dee58eeb6c31",
      "Length": 147,
      "update_at": "2025-12-10T20:52:40.000Z"
    },
    {
      "shortPath": "l2/collabRunTime.test.ts",
      "versionRef": "8457c34f4df41a07454c5f63714a91032fca4981",
      "Length": 255,
      "update_at": "2025-12-10T20:52:40.000Z"
    },
    {
      "shortPath": "l2/collabRunTime.ts",
      "versionRef": "9e535bd96b2dc4d8f2de628787546ff128a550b1",
      "Length": 332,
      "update_at": "2025-12-10T20:52:41.000Z"
    },
    {
      "shortPath": "l2/config.defs.ts",
      "versionRef": "1642082a5432dd3cde61000642d87fffb827f39e",
      "Length": 80,
      "update_at": "2025-11-26T14:06:12.000Z"
    },
    {
      "shortPath": "l2/config.html",
      "versionRef": "e5ab8b9f59659f18aea1ba665eff49999d624d9d",
      "Length": 15,
      "update_at": "2025-11-26T14:06:13.000Z"
    },
    {
      "shortPath": "l2/config.less",
      "versionRef": "1dc1cceebed98997c2220ec2c654e41aee7a5ec2",
      "Length": 131,
      "update_at": "2025-11-26T14:06:13.000Z"
    },
    {
      "shortPath": "l2/config.test.ts",
      "versionRef": "42e47edd905a982da753a57d61add37bb61d1614",
      "Length": 248,
      "update_at": "2025-11-26T14:06:14.000Z"
    },
    {
      "shortPath": "l2/config.ts",
      "versionRef": "8067f0e30e4f7be2441828f35e63c8cf6992a171",
      "Length": 230,
      "update_at": "2025-12-10T17:36:14.000Z"
    },
    {
      "shortPath": "l2/crm/clientOnboarding.defs.ts",
      "versionRef": "4c5647b012b5dda71eefe26d2c2a27874fc2608c",
      "Length": 1455,
      "update_at": "2025-12-16T20:32:58.000Z"
    },
    {
      "shortPath": "l2/crm/clientOnboarding.html",
      "versionRef": "78ff9fd5762dddb2cc925b661d0ac73b17581a69",
      "Length": 1184,
      "update_at": "2025-12-16T20:32:59.000Z"
    },
    {
      "shortPath": "l2/crm/clientOnboarding.less",
      "versionRef": "17b80902dae1a0eb340b2ebd9f546309a1d7b7dc",
      "Length": 160,
      "update_at": "2025-12-16T20:32:59.000Z"
    },
    {
      "shortPath": "l2/crm/clientOnboarding.test.ts",
      "versionRef": "25bd8cf4f3ae019d20aa4ed5a78711c0394e89d1",
      "Length": 267,
      "update_at": "2025-12-16T20:33:00.000Z"
    },
    {
      "shortPath": "l2/crm/clientOnboarding.ts",
      "versionRef": "27df8b0b83321ede8d2c0b99f814dcd9fe1888fd",
      "Length": 2549,
      "update_at": "2025-12-16T20:33:01.000Z"
    },
    {
      "shortPath": "l2/crm/module.defs.ts",
      "versionRef": "1befe8d20373a4458f1ef2ccb9b26506e52a0a49",
      "Length": 83,
      "update_at": "2025-12-16T20:33:02.000Z"
    },
    {
      "shortPath": "l2/crm/module.html",
      "versionRef": "6e54754ae6e62592cfb1ba96840c597443af8605",
      "Length": 15,
      "update_at": "2025-12-16T20:33:03.000Z"
    },
    {
      "shortPath": "l2/crm/module.less",
      "versionRef": "71c434e0a3340405978900e403895c5a61de43c2",
      "Length": 139,
      "update_at": "2025-12-16T20:33:03.000Z"
    },
    {
      "shortPath": "l2/crm/module.test.ts",
      "versionRef": "05346f8122a6ddb879c12d8a9d8a9777476b3bf5",
      "Length": 257,
      "update_at": "2025-12-16T20:33:04.000Z"
    },
    {
      "shortPath": "l2/crm/module.ts",
      "versionRef": "0be4c0597222b1d9ca6b1ff45073061e764a90ca",
      "Length": 979,
      "update_at": "2025-12-16T20:33:05.000Z"
    },
    {
      "shortPath": "l2/designSystem.defs.ts",
      "versionRef": "6a015bf3ee75a3a8ea043d72349c11e8def92269",
      "Length": 86,
      "update_at": "2025-12-05T18:03:20.000Z"
    },
    {
      "shortPath": "l2/designSystem.html",
      "versionRef": "407e94c1cf19a0a3117d9d391bd2a1dcb58b4471",
      "Length": 21,
      "update_at": "2025-12-05T18:03:21.000Z"
    },
    {
      "shortPath": "l2/designSystem.less",
      "versionRef": "7a01636c1c707f31ea2d6def57d4d644c6ea2d32",
      "Length": 144,
      "update_at": "2025-12-05T18:03:21.000Z"
    },
    {
      "shortPath": "l2/designSystem.test.ts",
      "versionRef": "5b8fb4f61eb91c7dd352fdd74a63417d3bb2a055",
      "Length": 260,
      "update_at": "2025-12-05T18:03:22.000Z"
    },
    {
      "shortPath": "l2/designSystem.ts",
      "versionRef": "759e4657b83a744471dc7ef39c4261a8e8e48864",
      "Length": 16163,
      "update_at": "2025-12-05T18:03:23.000Z"
    },
    {
      "shortPath": "l2/ecommerce/module.defs.ts",
      "versionRef": "0204ffb408f4570c8a4a1138f52941ea91e1b996",
      "Length": 89,
      "update_at": "2025-12-16T14:44:45.000Z"
    },
    {
      "shortPath": "l2/ecommerce/module.html",
      "versionRef": "6e54754ae6e62592cfb1ba96840c597443af8605",
      "Length": 15,
      "update_at": "2025-12-16T14:44:46.000Z"
    },
    {
      "shortPath": "l2/ecommerce/module.less",
      "versionRef": "8a20483fc0478ee47000adab75cd08f30fdd6f42",
      "Length": 151,
      "update_at": "2025-12-16T14:44:47.000Z"
    },
    {
      "shortPath": "l2/ecommerce/module.test.ts",
      "versionRef": "d8657247de3c451e9686d54448787ec1cb1dc8e2",
      "Length": 263,
      "update_at": "2025-12-16T14:44:48.000Z"
    },
    {
      "shortPath": "l2/ecommerce/module.ts",
      "versionRef": "1850823afe37c1c2c8658ea6cc10bf6d40957c37",
      "Length": 1001,
      "update_at": "2025-12-16T14:44:49.000Z"
    },
    {
      "shortPath": "l2/ecommerce/shopeeFeeCalculator.defs.ts",
      "versionRef": "2c11abb4d67f5cecbdfb48a001c46966be0274eb",
      "Length": 5369,
      "update_at": "2025-12-16T14:44:50.000Z"
    },
    {
      "shortPath": "l2/ecommerce/shopeeFeeCalculator.html",
      "versionRef": "c311192207221ed87f0162a0b515cef15838052b",
      "Length": 1705,
      "update_at": "2025-12-16T14:44:50.000Z"
    },
    {
      "shortPath": "l2/ecommerce/shopeeFeeCalculator.less",
      "versionRef": "1d61072e003628c738f82777169dba9e6879fefb",
      "Length": 179,
      "update_at": "2025-12-16T14:44:51.000Z"
    },
    {
      "shortPath": "l2/ecommerce/shopeeFeeCalculator.test.ts",
      "versionRef": "df8ebf02acb121bbaa8a48c929629dda1707227f",
      "Length": 276,
      "update_at": "2025-12-16T14:44:52.000Z"
    },
    {
      "shortPath": "l2/ecommerce/shopeeFeeCalculator.ts",
      "versionRef": "e02f8a601456c414dd895f7d985ef384288141ce",
      "Length": 12418,
      "update_at": "2025-12-16T20:32:55.000Z"
    },
    {
      "shortPath": "l2/finance/invoiceGeneratorPage.defs.ts",
      "versionRef": "b1d851c1cbe5ec8cd99f50723f02f049b863eb25",
      "Length": 4490,
      "update_at": "2025-12-12T20:31:58.000Z"
    },
    {
      "shortPath": "l2/finance/invoiceGeneratorPage.html",
      "versionRef": "811feae8dd726d9777f822336e494da287a7fdc7",
      "Length": 1720,
      "update_at": "2025-12-16T14:44:34.000Z"
    },
    {
      "shortPath": "l2/finance/invoiceGeneratorPage.less",
      "versionRef": "7f29fbe2df6f1eb1b384d54f7e5edae7cc5806d0",
      "Length": 177,
      "update_at": "2025-12-12T20:32:00.000Z"
    },
    {
      "shortPath": "l2/finance/invoiceGeneratorPage.test.ts",
      "versionRef": "a8c8bddd3c8769b50686a6793cd472aef5b74349",
      "Length": 275,
      "update_at": "2025-12-12T20:32:00.000Z"
    },
    {
      "shortPath": "l2/finance/invoiceGeneratorPage.ts",
      "versionRef": "79490603d4c64cf7f9eef978b45f764083a93a87",
      "Length": 9523,
      "update_at": "2025-12-16T14:44:35.000Z"
    },
    {
      "shortPath": "l2/finance/module.defs.ts",
      "versionRef": "a23f90faba5b9f69a0349e3ff8e05205c3282de2",
      "Length": 87,
      "update_at": "2025-12-12T20:32:02.000Z"
    },
    {
      "shortPath": "l2/finance/module.html",
      "versionRef": "6e54754ae6e62592cfb1ba96840c597443af8605",
      "Length": 15,
      "update_at": "2025-12-12T20:32:02.000Z"
    },
    {
      "shortPath": "l2/finance/module.less",
      "versionRef": "ee6029d317d62bcb973b3cc1adec36387af86f8a",
      "Length": 147,
      "update_at": "2025-12-12T20:32:03.000Z"
    },
    {
      "shortPath": "l2/finance/module.test.ts",
      "versionRef": "72148b836d8f48adbd5ec83087a8af5ad9b0c132",
      "Length": 261,
      "update_at": "2025-12-12T20:32:04.000Z"
    },
    {
      "shortPath": "l2/finance/module.ts",
      "versionRef": "15208420f59ab5aa5e35baf61dc4b452b9ec5e93",
      "Length": 1000,
      "update_at": "2025-12-12T20:32:04.000Z"
    },
    {
      "shortPath": "l2/generalutilities/module.defs.ts",
      "versionRef": "378de5573fa6870e4b36454e52a8424dc0cee0c8",
      "Length": 96,
      "update_at": "2025-12-12T20:32:05.000Z"
    },
    {
      "shortPath": "l2/generalutilities/module.html",
      "versionRef": "6e54754ae6e62592cfb1ba96840c597443af8605",
      "Length": 15,
      "update_at": "2025-12-12T20:32:06.000Z"
    },
    {
      "shortPath": "l2/generalutilities/module.less",
      "versionRef": "81aab098356e91b0405c97045af5addef1319eb5",
      "Length": 165,
      "update_at": "2025-12-12T20:32:07.000Z"
    },
    {
      "shortPath": "l2/generalutilities/module.test.ts",
      "versionRef": "dafafd210c404a2d2a2f34e4b9dfc0ba73cfeeb0",
      "Length": 270,
      "update_at": "2025-12-12T20:32:07.000Z"
    },
    {
      "shortPath": "l2/generalutilities/module.ts",
      "versionRef": "7d6ead96b7a6592d9721e87f6d157076b243d70a",
      "Length": 2592,
      "update_at": "2025-12-12T20:32:08.000Z"
    },
    {
      "shortPath": "l2/generalutilities/passwordStrengthChecker.defs.ts",
      "versionRef": "808690d0391953bac5dfa678c92052de5ef7e80c",
      "Length": 5599,
      "update_at": "2025-12-12T20:32:09.000Z"
    },
    {
      "shortPath": "l2/generalutilities/passwordStrengthChecker.html",
      "versionRef": "2277f4065e3e816d7f9d6d78e5e2f2848ccf72e5",
      "Length": 2230,
      "update_at": "2025-12-16T14:44:36.000Z"
    },
    {
      "shortPath": "l2/generalutilities/passwordStrengthChecker.less",
      "versionRef": "28b74df210843e222ae0cf2079edfbda1e3fd3c0",
      "Length": 201,
      "update_at": "2025-12-12T20:32:11.000Z"
    },
    {
      "shortPath": "l2/generalutilities/passwordStrengthChecker.test.ts",
      "versionRef": "439d7ea2741525eee23391a82d49830fba5ae70d",
      "Length": 287,
      "update_at": "2025-12-12T20:32:11.000Z"
    },
    {
      "shortPath": "l2/generalutilities/passwordStrengthChecker.ts",
      "versionRef": "82fc0875b13b82c629b8e2c55988bc394542a8ef",
      "Length": 8104,
      "update_at": "2025-12-16T14:44:38.000Z"
    },
    {
      "shortPath": "l2/generalutilities/timeConverter.defs.ts",
      "versionRef": "f98101959bb20f79b9a63d27c9214773b0e8f401",
      "Length": 3076,
      "update_at": "2025-12-12T20:32:13.000Z"
    },
    {
      "shortPath": "l2/generalutilities/timeConverter.html",
      "versionRef": "abbdf184615faef25b00874cbda6a63c7acf40cf",
      "Length": 1367,
      "update_at": "2025-12-12T20:32:14.000Z"
    },
    {
      "shortPath": "l2/generalutilities/timeConverter.less",
      "versionRef": "b35b782cd34d160b0ee2bb153052477749e78e33",
      "Length": 180,
      "update_at": "2025-12-12T20:32:14.000Z"
    },
    {
      "shortPath": "l2/generalutilities/timeConverter.test.ts",
      "versionRef": "2aeb7b9c93593ddc7f6fa6288d23d320e4f5b31c",
      "Length": 277,
      "update_at": "2025-12-12T20:32:15.000Z"
    },
    {
      "shortPath": "l2/generalutilities/timeConverter.ts",
      "versionRef": "f690d63819d43ef6b5c533c60956df56113bd7f6",
      "Length": 8897,
      "update_at": "2025-12-16T14:44:39.000Z"
    },
    {
      "shortPath": "l2/generalutilities/tipCalculator.defs.ts",
      "versionRef": "33a30c47ee2fa96ef501115ee5819e516641e358",
      "Length": 4025,
      "update_at": "2025-12-12T20:32:16.000Z"
    },
    {
      "shortPath": "l2/generalutilities/tipCalculator.html",
      "versionRef": "b5f72387a85d9e7ff1c9ba0a9853cf617289308d",
      "Length": 1814,
      "update_at": "2025-12-12T20:32:17.000Z"
    },
    {
      "shortPath": "l2/generalutilities/tipCalculator.less",
      "versionRef": "20c51c5745cf0474cd66976b00c2855b2c3a37f1",
      "Length": 180,
      "update_at": "2025-12-12T20:32:18.000Z"
    },
    {
      "shortPath": "l2/generalutilities/tipCalculator.test.ts",
      "versionRef": "9b3fec50051f0a8638967e1f6918bea94ff1e3ba",
      "Length": 277,
      "update_at": "2025-12-12T20:32:19.000Z"
    },
    {
      "shortPath": "l2/generalutilities/tipCalculator.ts",
      "versionRef": "2ba34203b78410088408d0264b411e788ad7697b",
      "Length": 5906,
      "update_at": "2025-12-16T14:44:41.000Z"
    },
    {
      "shortPath": "l2/project.defs.ts",
      "versionRef": "324445460a51ec38bbc2a0a604f1910da3dc0934",
      "Length": 81,
      "update_at": "2025-12-10T17:36:15.000Z"
    },
    {
      "shortPath": "l2/project.html",
      "versionRef": "88a90cf32ef33346febb29387541246b1be9a2e0",
      "Length": 16,
      "update_at": "2025-12-10T17:36:15.000Z"
    },
    {
      "shortPath": "l2/project.less",
      "versionRef": "f068a14ec011c4ba3182d347f3e145d3eece78ea",
      "Length": 133,
      "update_at": "2025-12-10T17:36:16.000Z"
    },
    {
      "shortPath": "l2/project.test.ts",
      "versionRef": "c647f9b64056c4faff06051e8f77787360f8062d",
      "Length": 249,
      "update_at": "2025-12-10T17:36:17.000Z"
    },
    {
      "shortPath": "l2/project.ts",
      "versionRef": "d836b6633edd3b63dd89bdd32341d8c8302081c2",
      "Length": 845,
      "update_at": "2025-12-16T20:32:56.000Z"
    },
    {
      "shortPath": "l2/reports/module.defs.ts",
      "versionRef": "03877eea293a4fd2f861bd55a8faededa9b5c301",
      "Length": 87,
      "update_at": "2025-12-12T20:32:20.000Z"
    },
    {
      "shortPath": "l2/reports/module.html",
      "versionRef": "6e54754ae6e62592cfb1ba96840c597443af8605",
      "Length": 15,
      "update_at": "2025-12-12T20:32:21.000Z"
    },
    {
      "shortPath": "l2/reports/module.less",
      "versionRef": "1c0b4fdd2cf59a730e4f4a36e06271b56b389ffa",
      "Length": 147,
      "update_at": "2025-12-12T20:32:21.000Z"
    },
    {
      "shortPath": "l2/reports/module.test.ts",
      "versionRef": "0ab2e617f38d771ebac1c55c5cc6a6171114e918",
      "Length": 261,
      "update_at": "2025-12-12T20:32:22.000Z"
    },
    {
      "shortPath": "l2/reports/module.ts",
      "versionRef": "41793a11162090406ecb8d8eefb81f5242b83458",
      "Length": 975,
      "update_at": "2025-12-12T20:32:23.000Z"
    },
    {
      "shortPath": "l2/reports/monthlySales.defs.ts",
      "versionRef": "1b24f1d1997672b131aae983b9c7dc229f7135eb",
      "Length": 4326,
      "update_at": "2025-12-12T20:32:23.000Z"
    },
    {
      "shortPath": "l2/reports/monthlySales.html",
      "versionRef": "01207cc7a9cca09d93d77a1fc2584f95919f9397",
      "Length": 2042,
      "update_at": "2025-12-16T14:44:43.000Z"
    },
    {
      "shortPath": "l2/reports/monthlySales.less",
      "versionRef": "96567567723d84aa8255af52505d7cc191572d97",
      "Length": 160,
      "update_at": "2025-12-12T20:32:25.000Z"
    },
    {
      "shortPath": "l2/reports/monthlySales.test.ts",
      "versionRef": "b3641b69978ff08b99d35340727a65efcf871998",
      "Length": 267,
      "update_at": "2025-12-12T20:32:25.000Z"
    },
    {
      "shortPath": "l2/reports/monthlySales.ts",
      "versionRef": "4de4c3aeb25621f4caba9d6bc6a76733f056b6eb",
      "Length": 9310,
      "update_at": "2025-12-16T20:32:57.000Z"
    },
    {
      "shortPath": "l2/wwwroot/ecommerce/shopeeFeeCalculator.html",
      "versionRef": "c6c4906df615f83c4743144bd3ba8b7dec0194bc",
      "Length": 1702,
      "update_at": "2025-12-16T14:49:59.000Z"
    },
    {
      "shortPath": "l2/wwwroot/ecommerce/shopeeFeeCalculator.js",
      "versionRef": "506f10b70b781c0e0cbe04f15cc14c843b751d0c",
      "Length": 465177,
      "update_at": "2025-12-16T14:50:01.000Z"
    },
    {
      "shortPath": "l2/wwwroot/finance/invoiceGeneratorPage.html",
      "versionRef": "ca8ae2dbb441545faf14154d2a0d1d32c7b148c8",
      "Length": 1428,
      "update_at": "2025-12-16T14:50:02.000Z"
    },
    {
      "shortPath": "l2/wwwroot/finance/invoiceGeneratorPage.js",
      "versionRef": "3cbdb50a82d596361933a5935884a54e468dadcb",
      "Length": 459411,
      "update_at": "2025-12-16T14:50:03.000Z"
    },
    {
      "shortPath": "l2/wwwroot/generalutilities/passwordStrengthChecker.html",
      "versionRef": "39b572a430c0322e2982d67fda8c9ee13944d161",
      "Length": 1905,
      "update_at": "2025-12-16T14:50:04.000Z"
    },
    {
      "shortPath": "l2/wwwroot/generalutilities/passwordStrengthChecker.js",
      "versionRef": "28a319498298177a2fbe26967b2f5b42b9c67dfb",
      "Length": 455935,
      "update_at": "2025-12-16T14:50:06.000Z"
    },
    {
      "shortPath": "l2/wwwroot/generalutilities/timeConverter.html",
      "versionRef": "abbdf184615faef25b00874cbda6a63c7acf40cf",
      "Length": 1367,
      "update_at": "2025-12-16T14:50:07.000Z"
    },
    {
      "shortPath": "l2/wwwroot/generalutilities/timeConverter.js",
      "versionRef": "73687223b810f62c69829e3c0d98f2c93b250ad5",
      "Length": 457830,
      "update_at": "2025-12-16T14:50:08.000Z"
    },
    {
      "shortPath": "l2/wwwroot/generalutilities/tipCalculator.html",
      "versionRef": "b5f72387a85d9e7ff1c9ba0a9853cf617289308d",
      "Length": 1814,
      "update_at": "2025-12-16T14:50:09.000Z"
    },
    {
      "shortPath": "l2/wwwroot/generalutilities/tipCalculator.js",
      "versionRef": "849eaffd963be469395da249152264219b4df308",
      "Length": 453593,
      "update_at": "2025-12-16T14:50:11.000Z"
    },
    {
      "shortPath": "l5/project.json",
      "versionRef": "7b43a247f8c442856d3dee8f1e8d720526ba13b2",
      "Length": 561,
      "update_at": "2025-11-26T14:06:16.000Z"
    },
    {
      "shortPath": "l0/package.json",
      "versionRef": "d4076eb9ef229686e51bc94dcfbc8c2c7cfe9c48",
      "Length": 470,
      "update_at": "2025-11-14T20:45:35.000Z"
    },
    {
      "shortPath": "l0/tsconfig.json",
      "versionRef": "f631a300b5933b05930cd9f4bcd1b72ee38178e4",
      "Length": 1042,
      "update_at": "2025-12-04T19:26:45.000Z"
    }
  ]
}